campaign_id,campaign_name,channel,date,budget,spend,impressions,clicks
CMP100,LI_SkillsTargeting,LinkedIn Ads,2026-01-27,153.74,156.26,6169,91
CMP100,LI_SkillsTargeting,LinkedIn Ads,2026-01-28,291.14,299.48,4033,71
CMP100,LI_SkillsTargeting,LinkedIn Ads,2026-01-29,382.37,337.61,9595,324
CMP100,LI_SkillsTargeting,LinkedIn Ads,2026-01-30,491.23,515.69,5853,111
CMP100,LI_SkillsTargeting,LinkedIn Ads,2026-01-31,130.75,105.15,9751,146
CMP100,LI_SkillsTargeting,LinkedIn Ads,2026-02-01,70.48,57.54,5786,219
CMP100,LI_SkillsTargeting,LinkedIn Ads,2026-02-02,106.83,113.3,9042,127
CMP100,LI_SkillsTargeting,LinkedIn Ads,2026-02-03,55.52,49.15,8843,244
CMP100,LI_SkillsTargeting,LinkedIn Ads,2026-02-04,132.96,108.42,8827,128
CMP100,LI_SkillsTargeting,LinkedIn Ads,2026-02-05,79.4,75.23,1878,30
CMP100,LI_SkillsTargeting,LinkedIn Ads,2026-02-06,415.01,450.18,2395,119
CMP100,LI_SkillsTargeting,LinkedIn Ads,2026-02-07,103.3,106.33,4697,192
CMP100,LI_SkillsTargeting,LinkedIn Ads,2026-02-08,221.17,237.22,5871,260
CMP100,LI_SkillsTargeting,LinkedIn Ads,2026-02-09,495.51,441.8,1986,68
CMP100,LI_SkillsTargeting,LinkedIn Ads,2026-02-10,383.04,415.32,4404,154
CMP100,LI_SkillsTargeting,LinkedIn Ads,2026-02-11,169.09,139.39,4929,83
CMP100,LI_SkillsTargeting,LinkedIn Ads,2026-02-12,83.78,67.09,8381,314
CMP100,LI_SkillsTargeting,LinkedIn Ads,2026-02-13,261.46,211.73,5720,218
CMP100,LI_SkillsTargeting,LinkedIn Ads,2026-02-14,366.34,342.97,4824,226
CMP100,LI_SkillsTargeting,LinkedIn Ads,2026-02-15,404.52,399.47,4241,114
CMP100,LI_SkillsTargeting,LinkedIn Ads,2026-02-16,295.05,293.37,5352,230
CMP100,LI_SkillsTargeting,LinkedIn Ads,2026-02-17,82.13,69.79,6039,204
CMP100,LI_SkillsTargeting,LinkedIn Ads,2026-02-18,420.91,453.05,8195,122
CMP100,LI_SkillsTargeting,LinkedIn Ads,2026-02-19,359.91,363.48,5460,163
CMP100,LI_SkillsTargeting,LinkedIn Ads,2026-02-20,272.21,224.34,1653,75
CMP100,LI_SkillsTargeting,LinkedIn Ads,2026-02-21,380.54,373.35,1423,19
CMP100,LI_SkillsTargeting,LinkedIn Ads,2026-02-22,482.86,507.38,1339,66
CMP100,LI_SkillsTargeting,LinkedIn Ads,2026-02-23,352.53,310.53,1659,67
CMP100,LI_SkillsTargeting,LinkedIn Ads,2026-02-24,128.84,123.13,8245,384
CMP100,LI_SkillsTargeting,LinkedIn Ads,2026-02-25,131.67,128.46,9056,441
CMP100,LI_SkillsTargeting,LinkedIn Ads,2026-02-26,261.5,241.23,6260,230
CMP100,LI_SkillsTargeting,LinkedIn Ads,2026-02-27,435.98,391.92,9117,196
CMP100,LI_SkillsTargeting,LinkedIn Ads,2026-02-28,475.34,496.29,1601,45
CMP100,LI_SkillsTargeting,LinkedIn Ads,2026-03-01,191.53,171.8,7622,339
CMP100,LI_SkillsTargeting,LinkedIn Ads,2026-03-02,421.22,337.12,9889,281
CMP100,LI_SkillsTargeting,LinkedIn Ads,2026-03-03,74.39,71.08,9167,320
CMP100,LI_SkillsTargeting,LinkedIn Ads,2026-03-04,392.0,337.54,9998,152
CMP100,LI_SkillsTargeting,LinkedIn Ads,2026-03-05,179.61,191.15,8941,132
CMP100,LI_SkillsTargeting,LinkedIn Ads,2026-03-06,487.92,479.46,4920,188
CMP100,LI_SkillsTargeting,LinkedIn Ads,2026-03-07,189.84,152.65,7684,105
CMP100,LI_SkillsTargeting,LinkedIn Ads,2026-03-08,496.52,533.2,8560,409
CMP100,LI_SkillsTargeting,LinkedIn Ads,2026-03-09,341.47,288.95,5781,175
CMP100,LI_SkillsTargeting,LinkedIn Ads,2026-03-10,173.04,181.76,8736,172
CMP100,LI_SkillsTargeting,LinkedIn Ads,2026-03-11,298.07,272.76,9327,371
CMP100,LI_SkillsTargeting,LinkedIn Ads,2026-03-12,111.43,91.48,7798,183
CMP100,LI_SkillsTargeting,LinkedIn Ads,2026-03-13,404.47,355.99,1042,22
CMP100,LI_SkillsTargeting,LinkedIn Ads,2026-03-14,184.35,179.94,9022,402
CMP100,LI_SkillsTargeting,LinkedIn Ads,2026-03-15,250.95,237.22,6446,206
CMP100,LI_SkillsTargeting,LinkedIn Ads,2026-03-16,294.54,275.87,6272,280
CMP100,LI_SkillsTargeting,LinkedIn Ads,2026-03-17,491.35,428.28,7274,140
CMP100,LI_SkillsTargeting,LinkedIn Ads,2026-03-18,399.0,324.42,8749,334
CMP100,LI_SkillsTargeting,LinkedIn Ads,2026-03-19,415.13,380.19,3492,104
CMP100,LI_SkillsTargeting,LinkedIn Ads,2026-03-20,66.66,63.37,6439,288
CMP100,LI_SkillsTargeting,LinkedIn Ads,2026-03-21,443.39,413.28,9617,446
CMP100,LI_SkillsTargeting,LinkedIn Ads,2026-03-22,56.91,47.99,3529,45
CMP100,LI_SkillsTargeting,LinkedIn Ads,2026-03-23,401.69,353.29,7512,270
CMP100,LI_SkillsTargeting,LinkedIn Ads,2026-03-24,433.29,457.43,9742,245
CMP100,LI_SkillsTargeting,LinkedIn Ads,2026-03-25,192.5,195.51,8994,403
CMP100,LI_SkillsTargeting,LinkedIn Ads,2026-03-26,66.15,54.28,5708,284
CMP100,LI_SkillsTargeting,LinkedIn Ads,2026-03-27,386.04,359.09,2612,105
CMP100,LI_SkillsTargeting,LinkedIn Ads,2026-03-28,366.75,304.46,3725,140
CMP100,LI_SkillsTargeting,LinkedIn Ads,2026-03-29,456.54,371.53,1919,41
CMP100,LI_SkillsTargeting,LinkedIn Ads,2026-03-30,218.68,184.49,9702,256
CMP100,LI_SkillsTargeting,LinkedIn Ads,2026-03-31,356.81,304.72,3868,50
CMP100,LI_SkillsTargeting,LinkedIn Ads,2026-04-01,441.88,435.66,4945,147
CMP100,LI_SkillsTargeting,LinkedIn Ads,2026-04-02,312.42,271.7,5161,146
CMP100,LI_SkillsTargeting,LinkedIn Ads,2026-04-03,350.08,374.47,8622,397
CMP100,LI_SkillsTargeting,LinkedIn Ads,2026-04-04,354.92,300.76,8237,393
CMP100,LI_SkillsTargeting,LinkedIn Ads,2026-04-05,494.44,439.93,7951,299
CMP100,LI_SkillsTargeting,LinkedIn Ads,2026-04-06,255.58,227.63,7302,322
CMP100,LI_SkillsTargeting,LinkedIn Ads,2026-04-07,97.99,89.6,6881,227
CMP100,LI_SkillsTargeting,LinkedIn Ads,2026-04-08,496.71,441.36,7484,157
CMP100,LI_SkillsTargeting,LinkedIn Ads,2026-04-09,304.67,306.42,1803,83
CMP100,LI_SkillsTargeting,LinkedIn Ads,2026-04-10,385.33,404.54,5689,233
CMP100,LI_SkillsTargeting,LinkedIn Ads,2026-04-11,153.55,159.78,4588,162
CMP100,LI_SkillsTargeting,LinkedIn Ads,2026-04-12,329.4,330.5,3240,113
CMP100,LI_SkillsTargeting,LinkedIn Ads,2026-04-13,456.53,453.75,6061,251
CMP100,LI_SkillsTargeting,LinkedIn Ads,2026-04-14,65.01,59.12,3153,42
CMP100,LI_SkillsTargeting,LinkedIn Ads,2026-04-15,182.8,187.23,3877,69
CMP100,LI_SkillsTargeting,LinkedIn Ads,2026-04-16,403.93,429.35,6994,218
CMP100,LI_SkillsTargeting,LinkedIn Ads,2026-04-17,461.07,483.73,5210,242
CMP100,LI_SkillsTargeting,LinkedIn Ads,2026-04-18,474.88,517.72,5835,232
CMP100,LI_SkillsTargeting,LinkedIn Ads,2026-04-19,202.42,168.93,2233,34
CMP100,LI_SkillsTargeting,LinkedIn Ads,2026-04-20,484.93,513.08,7511,365
CMP100,LI_SkillsTargeting,LinkedIn Ads,2026-04-21,412.06,374.86,7464,78
CMP100,LI_SkillsTargeting,LinkedIn Ads,2026-04-22,291.46,272.93,5295,176
CMP100,LI_SkillsTargeting,LinkedIn Ads,2026-04-23,420.09,454.57,2775,102
CMP100,LI_SkillsTargeting,LinkedIn Ads,2026-04-24,262.16,258.45,6374,297
CMP100,LI_SkillsTargeting,LinkedIn Ads,2026-04-25,149.62,122.53,8606,399
CMP100,LI_SkillsTargeting,LinkedIn Ads,2026-04-26,185.99,171.57,3290,38
CMP101,Search_Generic,Google Ads,2026-01-27,498.17,415.89,4846,220
CMP101,Search_Generic,Google Ads,2026-01-28,111.05,103.95,9850,263
CMP101,Search_Generic,Google Ads,2026-01-29,384.02,325.02,7797,282
CMP101,Search_Generic,Google Ads,2026-01-30,425.16,418.65,5583,63
CMP101,Search_Generic,Google Ads,2026-01-31,216.74,202.22,4868,215
CMP101,Search_Generic,Google Ads,2026-02-01,94.71,95.25,9920,456
CMP101,Search_Generic,Google Ads,2026-02-02,340.17,278.32,5520,97
CMP101,Search_Generic,Google Ads,2026-02-03,104.97,110.68,8450,115
CMP101,Search_Generic,Google Ads,2026-02-04,145.45,144.26,1349,16
CMP101,Search_Generic,Google Ads,2026-02-05,200.08,219.42,4362,55
CMP101,Search_Generic,Google Ads,2026-02-06,394.32,339.96,4538,192
CMP101,Search_Generic,Google Ads,2026-02-07,154.85,159.85,1046,22
CMP101,Search_Generic,Google Ads,2026-02-08,492.81,540.25,9850,197
CMP101,Search_Generic,Google Ads,2026-02-09,128.52,128.3,1422,21
CMP101,Search_Generic,Google Ads,2026-02-10,211.21,218.93,6304,67
CMP101,Search_Generic,Google Ads,2026-02-11,169.42,141.98,7897,245
CMP101,Search_Generic,Google Ads,2026-02-12,385.55,363.52,6931,211
CMP101,Search_Generic,Google Ads,2026-02-13,99.07,94.23,1710,66
CMP101,Search_Generic,Google Ads,2026-02-14,458.94,457.87,5941,168
CMP101,Search_Generic,Google Ads,2026-02-15,483.81,395.88,8847,388
CMP101,Search_Generic,Google Ads,2026-02-16,241.82,201.29,8267,106
CMP101,Search_Generic,Google Ads,2026-02-17,86.36,84.85,2076,31
CMP101,Search_Generic,Google Ads,2026-02-18,330.94,322.87,6327,159
CMP101,Search_Generic,Google Ads,2026-02-19,318.83,283.27,9282,317
CMP101,Search_Generic,Google Ads,2026-02-20,94.63,95.63,4522,123
CMP101,Search_Generic,Google Ads,2026-02-21,449.64,415.53,8430,218
CMP101,Search_Generic,Google Ads,2026-02-22,378.33,338.14,6120,224
CMP101,Search_Generic,Google Ads,2026-02-23,218.44,184.75,8770,111
CMP101,Search_Generic,Google Ads,2026-02-24,424.3,351.31,2582,102
CMP101,Search_Generic,Google Ads,2026-02-25,217.69,182.65,1982,66
CMP101,Search_Generic,Google Ads,2026-02-26,302.71,272.1,3002,79
CMP101,Search_Generic,Google Ads,2026-02-27,443.12,479.61,7929,354
CMP101,Search_Generic,Google Ads,2026-02-28,374.48,408.38,6119,147
CMP101,Search_Generic,Google Ads,2026-03-01,310.06,267.84,8900,168
CMP101,Search_Generic,Google Ads,2026-03-02,98.7,103.99,7022,102
CMP101,Search_Generic,Google Ads,2026-03-03,175.36,152.19,8030,351
CMP101,Search_Generic,Google Ads,2026-03-04,488.55,510.79,1430,49
CMP101,Search_Generic,Google Ads,2026-03-05,346.02,348.8,1474,25
CMP101,Search_Generic,Google Ads,2026-03-06,366.21,326.91,6567,157
CMP101,Search_Generic,Google Ads,2026-03-07,131.63,110.96,7566,96
CMP101,Search_Generic,Google Ads,2026-03-08,383.44,418.54,2503,99
CMP101,Search_Generic,Google Ads,2026-03-09,146.81,135.94,6585,107
CMP101,Search_Generic,Google Ads,2026-03-10,190.24,170.71,2391,108
CMP101,Search_Generic,Google Ads,2026-03-11,120.01,123.17,1815,67
CMP101,Search_Generic,Google Ads,2026-03-12,172.45,172.21,8957,307
CMP101,Search_Generic,Google Ads,2026-03-13,236.38,204.39,9394,136
CMP101,Search_Generic,Google Ads,2026-03-14,243.46,215.46,8972,278
CMP101,Search_Generic,Google Ads,2026-03-15,188.79,163.52,1897,19
CMP101,Search_Generic,Google Ads,2026-03-16,185.64,160.28,3248,131
CMP101,Search_Generic,Google Ads,2026-03-17,180.25,150.69,9149,364
CMP101,Search_Generic,Google Ads,2026-03-18,129.06,117.97,4770,143
CMP101,Search_Generic,Google Ads,2026-03-19,425.01,442.8,2180,56
CMP101,Search_Generic,Google Ads,2026-03-20,383.92,357.38,8532,399
CMP101,Search_Generic,Google Ads,2026-03-21,437.95,426.01,7626,292
CMP101,Search_Generic,Google Ads,2026-03-22,237.96,198.59,1341,65
CMP101,Search_Generic,Google Ads,2026-03-23,127.34,138.07,8538,369
CMP101,Search_Generic,Google Ads,2026-03-24,463.9,383.39,2734,53
CMP101,Search_Generic,Google Ads,2026-03-25,314.99,301.5,7484,335
CMP101,Search_Generic,Google Ads,2026-03-26,385.61,334.12,3754,49
CMP101,Search_Generic,Google Ads,2026-03-27,334.95,321.28,4176,193
CMP101,Search_Generic,Google Ads,2026-03-28,207.22,210.99,3419,66
CMP101,Search_Generic,Google Ads,2026-03-29,115.9,99.58,3504,141
CMP101,Search_Generic,Google Ads,2026-03-30,344.98,294.32,9095,259
CMP101,Search_Generic,Google Ads,2026-03-31,303.68,295.74,6295,280
CMP101,Search_Generic,Google Ads,2026-04-01,332.25,280.85,2118,60
CMP101,Search_Generic,Google Ads,2026-04-02,334.12,347.12,1920,46
CMP101,Search_Generic,Google Ads,2026-04-03,83.39,78.26,1616,19
CMP101,Search_Generic,Google Ads,2026-04-04,424.26,349.17,2479,85
CMP101,Search_Generic,Google Ads,2026-04-05,278.18,261.16,1672,46
CMP101,Search_Generic,Google Ads,2026-04-06,414.42,412.58,6267,214
CMP101,Search_Generic,Google Ads,2026-04-07,275.62,299.69,8381,118
CMP101,Search_Generic,Google Ads,2026-04-08,454.61,410.53,2381,71
CMP101,Search_Generic,Google Ads,2026-04-09,127.65,111.61,8172,405
CMP101,Search_Generic,Google Ads,2026-04-10,285.83,280.95,6962,173
CMP101,Search_Generic,Google Ads,2026-04-11,177.3,163.58,6543,243
CMP101,Search_Generic,Google Ads,2026-04-12,73.56,72.77,6482,81
CMP101,Search_Generic,Google Ads,2026-04-13,92.53,92.86,5655,113
CMP101,Search_Generic,Google Ads,2026-04-14,433.2,471.89,3463,80
CMP101,Search_Generic,Google Ads,2026-04-15,312.23,263.03,6731,150
CMP101,Search_Generic,Google Ads,2026-04-16,345.22,344.75,3112,105
CMP101,Search_Generic,Google Ads,2026-04-17,472.1,421.53,7171,256
CMP101,Search_Generic,Google Ads,2026-04-18,197.81,165.83,9624,132
CMP101,Search_Generic,Google Ads,2026-04-19,351.71,335.02,1298,31
CMP101,Search_Generic,Google Ads,2026-04-20,131.12,113.32,8967,158
CMP101,Search_Generic,Google Ads,2026-04-21,499.99,423.23,5846,255
CMP101,Search_Generic,Google Ads,2026-04-22,95.51,98.5,9626,110
CMP101,Search_Generic,Google Ads,2026-04-23,201.54,207.56,3147,106
CMP101,Search_Generic,Google Ads,2026-04-24,119.41,102.01,3712,144
CMP101,Search_Generic,Google Ads,2026-04-25,69.66,63.34,4891,238
CMP101,Search_Generic,Google Ads,2026-04-26,324.77,333.12,8355,161
CMP102,FB_Interests,Facebook Ads,2026-01-27,484.52,501.63,4178,103
CMP102,FB_Interests,Facebook Ads,2026-01-28,476.21,521.61,8564,349
CMP102,FB_Interests,Facebook Ads,2026-01-29,400.16,380.5,7859,382
CMP102,FB_Interests,Facebook Ads,2026-01-30,417.6,434.46,3267,146
CMP102,FB_Interests,Facebook Ads,2026-01-31,73.48,69.38,7081,227
CMP102,FB_Interests,Facebook Ads,2026-02-01,96.17,101.34,3042,65
CMP102,FB_Interests,Facebook Ads,2026-02-02,393.4,346.91,9410,149
CMP102,FB_Interests,Facebook Ads,2026-02-03,246.86,267.58,4637,197
CMP102,FB_Interests,Facebook Ads,2026-02-04,448.08,483.54,7797,94
CMP102,FB_Interests,Facebook Ads,2026-02-05,275.9,240.24,2337,58
CMP102,FB_Interests,Facebook Ads,2026-02-06,62.68,67.65,6493,270
CMP102,FB_Interests,Facebook Ads,2026-02-07,111.92,99.17,8740,330
CMP102,FB_Interests,Facebook Ads,2026-02-08,112.46,113.77,8349,288
CMP102,FB_Interests,Facebook Ads,2026-02-09,457.64,368.72,4533,196
CMP102,FB_Interests,Facebook Ads,2026-02-10,296.96,302.36,9647,259
CMP102,FB_Interests,Facebook Ads,2026-02-11,399.28,347.89,2996,35
CMP102,FB_Interests,Facebook Ads,2026-02-12,238.92,248.04,8489,106
CMP102,FB_Interests,Facebook Ads,2026-02-13,426.51,405.16,9782,104
CMP102,FB_Interests,Facebook Ads,2026-02-14,281.92,246.0,3352,72
CMP102,FB_Interests,Facebook Ads,2026-02-15,50.7,45.93,7825,136
CMP102,FB_Interests,Facebook Ads,2026-02-16,350.7,335.64,6908,87
CMP102,FB_Interests,Facebook Ads,2026-02-17,286.73,273.02,9316,299
CMP102,FB_Interests,Facebook Ads,2026-02-18,225.7,212.39,7338,361
CMP102,FB_Interests,Facebook Ads,2026-02-19,164.14,132.11,2106,50
CMP102,FB_Interests,Facebook Ads,2026-02-20,379.82,375.44,6447,98
CMP102,FB_Interests,Facebook Ads,2026-02-21,208.53,188.0,3868,167
CMP102,FB_Interests,Facebook Ads,2026-02-22,358.11,391.86,8840,311
CMP102,FB_Interests,Facebook Ads,2026-02-23,415.17,340.0,8498,97
CMP102,FB_Interests,Facebook Ads,2026-02-24,140.72,145.97,1686,38
CMP102,FB_Interests,Facebook Ads,2026-02-25,189.53,174.27,9897,286
CMP102,FB_Interests,Facebook Ads,2026-02-26,66.48,66.09,5687,138
CMP102,FB_Interests,Facebook Ads,2026-02-27,401.38,425.36,6438,134
CMP102,FB_Interests,Facebook Ads,2026-02-28,409.7,381.47,7553,300
CMP102,FB_Interests,Facebook Ads,2026-03-01,452.59,414.57,4060,121
CMP102,FB_Interests,Facebook Ads,2026-03-02,273.89,295.06,9507,196
CMP102,FB_Interests,Facebook Ads,2026-03-03,87.18,80.85,8055,274
CMP102,FB_Interests,Facebook Ads,2026-03-04,420.05,404.78,6262,88
CMP102,FB_Interests,Facebook Ads,2026-03-05,197.56,175.57,8305,283
CMP102,FB_Interests,Facebook Ads,2026-03-06,241.75,243.43,6759,188
CMP102,FB_Interests,Facebook Ads,2026-03-07,377.07,404.78,8126,170
CMP102,FB_Interests,Facebook Ads,2026-03-08,491.01,532.44,2229,82
CMP102,FB_Interests,Facebook Ads,2026-03-09,232.79,222.06,3621,174
CMP102,FB_Interests,Facebook Ads,2026-03-10,114.25,112.22,8179,93
CMP102,FB_Interests,Facebook Ads,2026-03-11,80.26,82.95,7001,171
CMP102,FB_Interests,Facebook Ads,2026-03-12,477.26,386.44,3513,130
CMP102,FB_Interests,Facebook Ads,2026-03-13,476.97,434.81,2259,74
CMP102,FB_Interests,Facebook Ads,2026-03-14,288.26,265.03,5566,111
CMP102,FB_Interests,Facebook Ads,2026-03-15,101.05,103.14,9176,281
CMP102,FB_Interests,Facebook Ads,2026-03-16,461.09,385.16,5264,200
CMP102,FB_Interests,Facebook Ads,2026-03-17,146.56,144.15,9047,162
CMP102,FB_Interests,Facebook Ads,2026-03-18,111.08,91.33,3828,175
CMP102,FB_Interests,Facebook Ads,2026-03-19,250.3,206.83,6236,228
CMP102,FB_Interests,Facebook Ads,2026-03-20,369.29,356.36,5757,262
CMP102,FB_Interests,Facebook Ads,2026-03-21,433.11,438.98,3852,160
CMP102,FB_Interests,Facebook Ads,2026-03-22,278.94,233.31,4292,178
CMP102,FB_Interests,Facebook Ads,2026-03-23,156.53,148.42,6912,222
CMP102,FB_Interests,Facebook Ads,2026-03-24,216.01,224.89,3126,107
CMP102,FB_Interests,Facebook Ads,2026-03-25,88.8,79.28,8842,274
CMP102,FB_Interests,Facebook Ads,2026-03-26,396.12,414.74,2208,33
CMP102,FB_Interests,Facebook Ads,2026-03-27,192.66,158.41,8632,321
CMP102,FB_Interests,Facebook Ads,2026-03-28,205.03,218.03,3981,162
CMP102,FB_Interests,Facebook Ads,2026-03-29,108.06,102.75,1907,82
CMP102,FB_Interests,Facebook Ads,2026-03-30,283.15,252.35,3653,83
CMP102,FB_Interests,Facebook Ads,2026-03-31,369.2,333.69,9501,435
CMP102,FB_Interests,Facebook Ads,2026-04-01,430.67,376.91,5496,82
CMP102,FB_Interests,Facebook Ads,2026-04-02,186.27,178.83,9234,329
CMP102,FB_Interests,Facebook Ads,2026-04-03,316.31,308.15,3804,138
CMP102,FB_Interests,Facebook Ads,2026-04-04,374.28,367.37,1674,71
CMP102,FB_Interests,Facebook Ads,2026-04-05,62.77,51.07,5336,192
CMP102,FB_Interests,Facebook Ads,2026-04-06,395.13,365.49,1496,44
CMP102,FB_Interests,Facebook Ads,2026-04-07,332.22,294.65,5949,174
CMP102,FB_Interests,Facebook Ads,2026-04-08,412.11,414.38,5873,165
CMP102,FB_Interests,Facebook Ads,2026-04-09,359.88,304.97,7809,229
CMP102,FB_Interests,Facebook Ads,2026-04-10,141.81,139.26,6121,272
CMP102,FB_Interests,Facebook Ads,2026-04-11,193.69,212.36,6658,326
CMP102,FB_Interests,Facebook Ads,2026-04-12,108.84,99.17,2739,62
CMP102,FB_Interests,Facebook Ads,2026-04-13,259.91,228.78,5061,79
CMP102,FB_Interests,Facebook Ads,2026-04-14,72.77,78.85,7850,156
CMP102,FB_Interests,Facebook Ads,2026-04-15,439.39,372.56,6364,301
CMP102,FB_Interests,Facebook Ads,2026-04-16,374.51,320.94,3610,108
CMP102,FB_Interests,Facebook Ads,2026-04-17,281.63,267.44,6055,181
CMP102,FB_Interests,Facebook Ads,2026-04-18,90.52,83.09,8491,413
CMP102,FB_Interests,Facebook Ads,2026-04-19,146.81,132.99,1828,38
CMP102,FB_Interests,Facebook Ads,2026-04-20,318.88,335.73,8710,186
CMP102,FB_Interests,Facebook Ads,2026-04-21,53.68,44.68,3194,144
CMP102,FB_Interests,Facebook Ads,2026-04-22,377.38,388.38,6995,82
CMP102,FB_Interests,Facebook Ads,2026-04-23,73.02,70.72,6939,222
CMP102,FB_Interests,Facebook Ads,2026-04-24,83.09,79.04,5582,240
CMP102,FB_Interests,Facebook Ads,2026-04-25,330.46,324.95,3108,152
CMP102,FB_Interests,Facebook Ads,2026-04-26,227.26,236.0,6555,211
CMP103,LI_DecisionMakers,LinkedIn Ads,2026-01-27,139.58,132.98,9193,106
CMP103,LI_DecisionMakers,LinkedIn Ads,2026-01-28,67.51,68.46,8761,269
CMP103,LI_DecisionMakers,LinkedIn Ads,2026-01-29,117.02,124.97,3290,76
CMP103,LI_DecisionMakers,LinkedIn Ads,2026-01-30,325.88,276.59,5902,199
CMP103,LI_DecisionMakers,LinkedIn Ads,2026-01-31,278.29,265.19,9025,346
CMP103,LI_DecisionMakers,LinkedIn Ads,2026-02-01,184.91,193.18,7035,163
CMP103,LI_DecisionMakers,LinkedIn Ads,2026-02-02,99.32,91.87,6040,252
CMP103,LI_DecisionMakers,LinkedIn Ads,2026-02-03,376.4,378.81,1436,48
CMP103,LI_DecisionMakers,LinkedIn Ads,2026-02-04,169.49,168.93,4728,183
CMP103,LI_DecisionMakers,LinkedIn Ads,2026-02-05,312.59,266.06,7229,115
CMP103,LI_DecisionMakers,LinkedIn Ads,2026-02-06,356.33,288.44,2800,49
CMP103,LI_DecisionMakers,LinkedIn Ads,2026-02-07,248.47,229.99,7765,292
CMP103,LI_DecisionMakers,LinkedIn Ads,2026-02-08,234.67,242.29,8726,391
CMP103,LI_DecisionMakers,LinkedIn Ads,2026-02-09,381.13,312.03,3262,100
CMP103,LI_DecisionMakers,LinkedIn Ads,2026-02-10,302.4,332.47,8837,274
CMP103,LI_DecisionMakers,LinkedIn Ads,2026-02-11,191.19,162.89,9734,230
CMP103,LI_DecisionMakers,LinkedIn Ads,2026-02-12,209.43,216.05,5331,183
CMP103,LI_DecisionMakers,LinkedIn Ads,2026-02-13,136.52,119.31,5890,111
CMP103,LI_DecisionMakers,LinkedIn Ads,2026-02-14,487.81,433.8,5735,219
CMP103,LI_DecisionMakers,LinkedIn Ads,2026-02-15,360.61,341.39,8861,212
CMP103,LI_DecisionMakers,LinkedIn Ads,2026-02-16,470.17,488.33,5480,117
CMP103,LI_DecisionMakers,LinkedIn Ads,2026-02-17,308.06,296.65,7464,318
CMP103,LI_DecisionMakers,LinkedIn Ads,2026-02-18,479.57,499.42,5758,67
CMP103,LI_DecisionMakers,LinkedIn Ads,2026-02-19,479.89,395.29,8247,298
CMP103,LI_DecisionMakers,LinkedIn Ads,2026-02-20,386.3,333.84,9824,204
CMP103,LI_DecisionMakers,LinkedIn Ads,2026-02-21,302.91,267.01,2789,96
CMP103,LI_DecisionMakers,LinkedIn Ads,2026-02-22,314.07,274.1,9700,184
CMP103,LI_DecisionMakers,LinkedIn Ads,2026-02-23,154.78,128.48,6411,248
CMP103,LI_DecisionMakers,LinkedIn Ads,2026-02-24,95.25,98.22,1084,52
CMP103,LI_DecisionMakers,LinkedIn Ads,2026-02-25,490.06,415.27,8793,255
CMP103,LI_DecisionMakers,LinkedIn Ads,2026-02-26,139.76,152.22,6262,134
CMP103,LI_DecisionMakers,LinkedIn Ads,2026-02-27,76.62,78.97,4804,150
CMP103,LI_DecisionMakers,LinkedIn Ads,2026-02-28,375.4,405.81,3868,103
CMP103,LI_DecisionMakers,LinkedIn Ads,2026-03-01,426.92,461.15,1595,79
CMP103,LI_DecisionMakers,LinkedIn Ads,2026-03-02,228.65,216.9,5742,258
CMP103,LI_DecisionMakers,LinkedIn Ads,2026-03-03,54.17,52.57,2758,130
CMP103,LI_DecisionMakers,LinkedIn Ads,2026-03-04,200.77,187.98,9901,306
CMP103,LI_DecisionMakers,LinkedIn Ads,2026-03-05,450.17,378.26,9261,265
CMP103,LI_DecisionMakers,LinkedIn Ads,2026-03-06,136.77,114.04,3662,143
CMP103,LI_DecisionMakers,LinkedIn Ads,2026-03-07,341.73,347.05,1230,48
CMP103,LI_DecisionMakers,LinkedIn Ads,2026-03-08,405.85,393.81,4164,70
CMP103,LI_DecisionMakers,LinkedIn Ads,2026-03-09,435.27,465.35,8007,245
CMP103,LI_DecisionMakers,LinkedIn Ads,2026-03-10,89.03,89.1,4027,198
CMP103,LI_DecisionMakers,LinkedIn Ads,2026-03-11,264.85,286.24,1111,22
CMP103,LI_DecisionMakers,LinkedIn Ads,2026-03-12,155.98,160.06,6400,141
CMP103,LI_DecisionMakers,LinkedIn Ads,2026-03-13,375.3,301.53,6890,259
CMP103,LI_DecisionMakers,LinkedIn Ads,2026-03-14,77.96,65.13,6026,98
CMP103,LI_DecisionMakers,LinkedIn Ads,2026-03-15,358.73,386.33,6095,229
CMP103,LI_DecisionMakers,LinkedIn Ads,2026-03-16,337.42,365.15,7021,242
CMP103,LI_DecisionMakers,LinkedIn Ads,2026-03-17,148.61,124.84,3509,98
CMP103,LI_DecisionMakers,LinkedIn Ads,2026-03-18,494.98,451.47,9998,465
CMP103,LI_DecisionMakers,LinkedIn Ads,2026-03-19,390.81,406.68,4578,185
CMP103,LI_DecisionMakers,LinkedIn Ads,2026-03-20,356.15,348.58,2341,72
CMP103,LI_DecisionMakers,LinkedIn Ads,2026-03-21,287.68,261.37,2838,35
CMP103,LI_DecisionMakers,LinkedIn Ads,2026-03-22,296.44,282.11,9792,156
CMP103,LI_DecisionMakers,LinkedIn Ads,2026-03-23,197.65,188.97,2904,108
CMP103,LI_DecisionMakers,LinkedIn Ads,2026-03-24,372.61,352.73,9361,260
CMP103,LI_DecisionMakers,LinkedIn Ads,2026-03-25,75.04,63.0,7806,220
CMP103,LI_DecisionMakers,LinkedIn Ads,2026-03-26,75.98,71.32,6049,235
CMP103,LI_DecisionMakers,LinkedIn Ads,2026-03-27,228.18,238.43,4570,151
CMP103,LI_DecisionMakers,LinkedIn Ads,2026-03-28,70.38,63.58,2044,64
CMP103,LI_DecisionMakers,LinkedIn Ads,2026-03-29,77.12,82.38,8734,98
CMP103,LI_DecisionMakers,LinkedIn Ads,2026-03-30,233.99,241.17,7887,197
CMP103,LI_DecisionMakers,LinkedIn Ads,2026-03-31,451.1,421.58,7184,179
CMP103,LI_DecisionMakers,LinkedIn Ads,2026-04-01,357.23,356.71,9835,150
CMP103,LI_DecisionMakers,LinkedIn Ads,2026-04-02,437.13,365.26,9802,252
CMP103,LI_DecisionMakers,LinkedIn Ads,2026-04-03,107.31,117.36,1056,42
CMP103,LI_DecisionMakers,LinkedIn Ads,2026-04-04,490.32,460.36,9920,267
CMP103,LI_DecisionMakers,LinkedIn Ads,2026-04-05,220.67,191.74,8546,203
CMP103,LI_DecisionMakers,LinkedIn Ads,2026-04-06,174.04,188.18,2848,32
CMP103,LI_DecisionMakers,LinkedIn Ads,2026-04-07,347.09,341.7,1256,24
CMP103,LI_DecisionMakers,LinkedIn Ads,2026-04-08,80.28,78.53,8314,281
CMP103,LI_DecisionMakers,LinkedIn Ads,2026-04-09,366.48,298.54,1724,44
CMP103,LI_DecisionMakers,LinkedIn Ads,2026-04-10,155.45,134.49,1924,30
CMP103,LI_DecisionMakers,LinkedIn Ads,2026-04-11,497.07,432.57,6224,206
CMP103,LI_DecisionMakers,LinkedIn Ads,2026-04-12,397.64,415.74,4881,107
CMP103,LI_DecisionMakers,LinkedIn Ads,2026-04-13,114.47,114.25,4621,122
CMP103,LI_DecisionMakers,LinkedIn Ads,2026-04-14,173.82,168.09,3869,135
CMP103,LI_DecisionMakers,LinkedIn Ads,2026-04-15,242.24,229.81,6642,316
CMP103,LI_DecisionMakers,LinkedIn Ads,2026-04-16,352.1,364.68,6222,235
CMP103,LI_DecisionMakers,LinkedIn Ads,2026-04-17,233.72,208.0,4012,161
CMP103,LI_DecisionMakers,LinkedIn Ads,2026-04-18,263.08,277.5,5927,262
CMP103,LI_DecisionMakers,LinkedIn Ads,2026-04-19,114.96,107.94,1944,63
CMP103,LI_DecisionMakers,LinkedIn Ads,2026-04-20,485.5,469.57,3196,81
CMP103,LI_DecisionMakers,LinkedIn Ads,2026-04-21,164.75,148.12,2295,107
CMP103,LI_DecisionMakers,LinkedIn Ads,2026-04-22,431.21,356.93,4120,49
CMP103,LI_DecisionMakers,LinkedIn Ads,2026-04-23,219.73,215.66,1647,74
CMP103,LI_DecisionMakers,LinkedIn Ads,2026-04-24,134.67,138.51,4555,132
CMP103,LI_DecisionMakers,LinkedIn Ads,2026-04-25,441.26,397.09,1251,23
CMP103,LI_DecisionMakers,LinkedIn Ads,2026-04-26,135.51,138.55,8846,412
CMP104,FB_Interests,Facebook Ads,2026-01-27,461.81,445.93,5637,142
CMP104,FB_Interests,Facebook Ads,2026-01-28,290.14,263.38,5285,128
CMP104,FB_Interests,Facebook Ads,2026-01-29,447.27,420.34,8692,351
CMP104,FB_Interests,Facebook Ads,2026-01-30,194.1,167.11,6126,162
CMP104,FB_Interests,Facebook Ads,2026-01-31,303.14,262.64,3390,36
CMP104,FB_Interests,Facebook Ads,2026-02-01,298.99,291.58,7841,170
CMP104,FB_Interests,Facebook Ads,2026-02-02,138.29,120.17,5026,150
CMP104,FB_Interests,Facebook Ads,2026-02-03,344.57,346.45,5216,211
CMP104,FB_Interests,Facebook Ads,2026-02-04,269.88,274.49,9037,256
CMP104,FB_Interests,Facebook Ads,2026-02-05,379.75,343.92,3293,127
CMP104,FB_Interests,Facebook Ads,2026-02-06,269.74,289.99,9882,490
CMP104,FB_Interests,Facebook Ads,2026-02-07,480.76,460.18,2217,105
CMP104,FB_Interests,Facebook Ads,2026-02-08,350.7,360.98,7756,120
CMP104,FB_Interests,Facebook Ads,2026-02-09,333.82,273.86,3474,36
CMP104,FB_Interests,Facebook Ads,2026-02-10,277.58,253.14,8916,324
CMP104,FB_Interests,Facebook Ads,2026-02-11,57.08,54.78,7739,81
CMP104,FB_Interests,Facebook Ads,2026-02-12,288.24,254.35,5697,60
CMP104,FB_Interests,Facebook Ads,2026-02-13,415.92,416.84,3937,56
CMP104,FB_Interests,Facebook Ads,2026-02-14,93.34,78.84,4144,144
CMP104,FB_Interests,Facebook Ads,2026-02-15,163.59,148.27,7502,98
CMP104,FB_Interests,Facebook Ads,2026-02-16,481.68,451.67,4984,247
CMP104,FB_Interests,Facebook Ads,2026-02-17,151.64,152.43,2320,83
CMP104,FB_Interests,Facebook Ads,2026-02-18,436.2,448.36,2531,66
CMP104,FB_Interests,Facebook Ads,2026-02-19,219.73,207.16,1154,43
CMP104,FB_Interests,Facebook Ads,2026-02-20,87.21,91.88,6427,209
CMP104,FB_Interests,Facebook Ads,2026-02-21,436.08,361.34,9653,451
CMP104,FB_Interests,Facebook Ads,2026-02-22,153.39,164.19,8790,183
CMP104,FB_Interests,Facebook Ads,2026-02-23,465.87,468.35,5593,257
CMP104,FB_Interests,Facebook Ads,2026-02-24,303.58,245.86,6152,65
CMP104,FB_Interests,Facebook Ads,2026-02-25,143.22,120.77,7525,354
CMP104,FB_Interests,Facebook Ads,2026-02-26,184.67,178.98,7375,273
CMP104,FB_Interests,Facebook Ads,2026-02-27,293.25,268.37,3292,137
CMP104,FB_Interests,Facebook Ads,2026-02-28,360.19,296.63,6666,80
CMP104,FB_Interests,Facebook Ads,2026-03-01,246.69,259.42,6580,225
CMP104,FB_Interests,Facebook Ads,2026-03-02,326.24,319.29,6347,70
CMP104,FB_Interests,Facebook Ads,2026-03-03,173.0,189.92,9038,172
CMP104,FB_Interests,Facebook Ads,2026-03-04,298.87,272.76,4043,150
CMP104,FB_Interests,Facebook Ads,2026-03-05,347.3,286.77,5839,244
CMP104,FB_Interests,Facebook Ads,2026-03-06,370.9,305.85,3526,88
CMP104,FB_Interests,Facebook Ads,2026-03-07,402.75,340.84,7383,167
CMP104,FB_Interests,Facebook Ads,2026-03-08,97.95,78.51,6050,168
CMP104,FB_Interests,Facebook Ads,2026-03-09,392.61,326.13,2430,42
CMP104,FB_Interests,Facebook Ads,2026-03-10,251.98,243.52,7685,108
CMP104,FB_Interests,Facebook Ads,2026-03-11,90.33,87.28,6315,281
CMP104,FB_Interests,Facebook Ads,2026-03-12,55.55,51.34,2387,93
CMP104,FB_Interests,Facebook Ads,2026-03-13,301.79,331.31,4977,163
CMP104,FB_Interests,Facebook Ads,2026-03-14,126.31,115.48,3274,67
CMP104,FB_Interests,Facebook Ads,2026-03-15,170.78,144.1,3739,102
CMP104,FB_Interests,Facebook Ads,2026-03-16,239.5,226.39,2260,55
CMP104,FB_Interests,Facebook Ads,2026-03-17,474.9,482.63,9123,307
CMP104,FB_Interests,Facebook Ads,2026-03-18,138.0,114.83,5991,61
CMP104,FB_Interests,Facebook Ads,2026-03-19,228.06,240.03,7224,304
CMP104,FB_Interests,Facebook Ads,2026-03-20,198.29,178.54,3230,71
CMP104,FB_Interests,Facebook Ads,2026-03-21,321.45,324.21,8848,199
CMP104,FB_Interests,Facebook Ads,2026-03-22,484.06,527.92,5775,227
CMP104,FB_Interests,Facebook Ads,2026-03-23,334.81,365.05,4971,114
CMP104,FB_Interests,Facebook Ads,2026-03-24,176.14,182.44,6980,101
CMP104,FB_Interests,Facebook Ads,2026-03-25,303.73,296.95,9939,170
CMP104,FB_Interests,Facebook Ads,2026-03-26,395.43,319.54,8563,408
CMP104,FB_Interests,Facebook Ads,2026-03-27,144.34,150.01,2133,91
CMP104,FB_Interests,Facebook Ads,2026-03-28,408.05,376.53,9180,142
CMP104,FB_Interests,Facebook Ads,2026-03-29,186.27,163.14,3525,136
CMP104,FB_Interests,Facebook Ads,2026-03-30,405.08,333.05,8851,294
CMP104,FB_Interests,Facebook Ads,2026-03-31,290.47,312.85,7853,249
CMP104,FB_Interests,Facebook Ads,2026-04-01,405.82,368.43,9796,330
CMP104,FB_Interests,Facebook Ads,2026-04-02,461.48,384.33,5067,183
CMP104,FB_Interests,Facebook Ads,2026-04-03,209.75,208.51,1725,56
CMP104,FB_Interests,Facebook Ads,2026-04-04,340.26,338.23,6432,312
CMP104,FB_Interests,Facebook Ads,2026-04-05,243.7,195.73,5239,98
CMP104,FB_Interests,Facebook Ads,2026-04-06,386.08,373.49,4621,128
CMP104,FB_Interests,Facebook Ads,2026-04-07,226.01,233.18,9199,147
CMP104,FB_Interests,Facebook Ads,2026-04-08,498.97,471.44,5840,155
CMP104,FB_Interests,Facebook Ads,2026-04-09,482.78,403.03,3321,79
CMP104,FB_Interests,Facebook Ads,2026-04-10,204.38,211.59,9537,279
CMP104,FB_Interests,Facebook Ads,2026-04-11,264.27,246.15,8412,191
CMP104,FB_Interests,Facebook Ads,2026-04-12,185.12,193.09,2885,31
CMP104,FB_Interests,Facebook Ads,2026-04-13,204.39,170.22,3692,174
CMP104,FB_Interests,Facebook Ads,2026-04-14,383.22,365.9,3623,84
CMP104,FB_Interests,Facebook Ads,2026-04-15,241.87,227.02,7636,268
CMP104,FB_Interests,Facebook Ads,2026-04-16,133.87,133.49,7481,83
CMP104,FB_Interests,Facebook Ads,2026-04-17,326.35,280.4,8037,205
CMP104,FB_Interests,Facebook Ads,2026-04-18,367.13,316.37,2025,67
CMP104,FB_Interests,Facebook Ads,2026-04-19,409.78,393.83,6993,161
CMP104,FB_Interests,Facebook Ads,2026-04-20,255.9,224.86,9019,280
CMP104,FB_Interests,Facebook Ads,2026-04-21,337.6,330.54,7431,248
CMP104,FB_Interests,Facebook Ads,2026-04-22,206.57,217.65,3826,162
CMP104,FB_Interests,Facebook Ads,2026-04-23,367.69,326.96,2388,88
CMP104,FB_Interests,Facebook Ads,2026-04-24,190.93,166.41,2916,50
CMP104,FB_Interests,Facebook Ads,2026-04-25,362.05,345.12,7852,265
CMP104,FB_Interests,Facebook Ads,2026-04-26,308.66,286.1,8973,317
CMP105,IG_Stories,Facebook Ads,2026-01-27,125.09,110.91,4065,91
CMP105,IG_Stories,Facebook Ads,2026-01-28,252.95,206.43,6882,330
CMP105,IG_Stories,Facebook Ads,2026-01-29,268.07,230.15,7290,353
CMP105,IG_Stories,Facebook Ads,2026-01-30,277.45,263.16,9056,241
CMP105,IG_Stories,Facebook Ads,2026-01-31,427.95,405.1,2354,76
CMP105,IG_Stories,Facebook Ads,2026-02-01,408.15,353.52,1535,32
CMP105,IG_Stories,Facebook Ads,2026-02-02,291.92,248.27,8492,277
CMP105,IG_Stories,Facebook Ads,2026-02-03,397.65,377.21,9369,136
CMP105,IG_Stories,Facebook Ads,2026-02-04,101.39,104.69,7010,222
CMP105,IG_Stories,Facebook Ads,2026-02-05,390.55,401.49,8231,262
CMP105,IG_Stories,Facebook Ads,2026-02-06,495.4,411.54,5055,110
CMP105,IG_Stories,Facebook Ads,2026-02-07,499.69,467.17,6711,298
CMP105,IG_Stories,Facebook Ads,2026-02-08,89.14,94.45,2923,119
CMP105,IG_Stories,Facebook Ads,2026-02-09,156.63,163.4,6744,299
CMP105,IG_Stories,Facebook Ads,2026-02-10,324.62,301.39,3281,135
CMP105,IG_Stories,Facebook Ads,2026-02-11,416.09,433.41,6747,211
CMP105,IG_Stories,Facebook Ads,2026-02-12,318.59,270.97,5794,124
CMP105,IG_Stories,Facebook Ads,2026-02-13,170.3,180.08,2560,39
CMP105,IG_Stories,Facebook Ads,2026-02-14,387.54,357.89,1971,97
CMP105,IG_Stories,Facebook Ads,2026-02-15,440.17,368.89,3174,63
CMP105,IG_Stories,Facebook Ads,2026-02-16,370.13,388.1,7434,219
CMP105,IG_Stories,Facebook Ads,2026-02-17,309.84,272.85,7786,194
CMP105,IG_Stories,Facebook Ads,2026-02-18,83.98,87.2,2525,65
CMP105,IG_Stories,Facebook Ads,2026-02-19,387.41,390.67,7046,198
CMP105,IG_Stories,Facebook Ads,2026-02-20,269.62,262.77,2526,99
CMP105,IG_Stories,Facebook Ads,2026-02-21,256.3,256.11,6869,302
CMP105,IG_Stories,Facebook Ads,2026-02-22,408.06,375.14,8039,345
CMP105,IG_Stories,Facebook Ads,2026-02-23,272.62,244.5,5646,132
CMP105,IG_Stories,Facebook Ads,2026-02-24,310.07,300.72,8951,371
CMP105,IG_Stories,Facebook Ads,2026-02-25,452.37,465.34,1752,24
CMP105,IG_Stories,Facebook Ads,2026-02-26,402.75,377.73,3035,143
CMP105,IG_Stories,Facebook Ads,2026-02-27,121.09,113.46,8009,144
CMP105,IG_Stories,Facebook Ads,2026-02-28,359.87,302.14,5945,97
CMP105,IG_Stories,Facebook Ads,2026-03-01,469.73,414.4,6905,138
CMP105,IG_Stories,Facebook Ads,2026-03-02,217.33,232.79,3711,44
CMP105,IG_Stories,Facebook Ads,2026-03-03,331.52,337.42,4836,131
CMP105,IG_Stories,Facebook Ads,2026-03-04,91.04,75.43,4496,130
CMP105,IG_Stories,Facebook Ads,2026-03-05,109.71,95.21,8291,85
CMP105,IG_Stories,Facebook Ads,2026-03-06,363.02,379.4,7919,299
CMP105,IG_Stories,Facebook Ads,2026-03-07,264.97,230.18,2463,96
CMP105,IG_Stories,Facebook Ads,2026-03-08,96.09,85.9,5902,91
CMP105,IG_Stories,Facebook Ads,2026-03-09,398.06,408.39,3181,113
CMP105,IG_Stories,Facebook Ads,2026-03-10,354.71,291.05,1138,39
CMP105,IG_Stories,Facebook Ads,2026-03-11,123.85,112.13,4490,157
CMP105,IG_Stories,Facebook Ads,2026-03-12,118.12,109.09,8248,366
CMP105,IG_Stories,Facebook Ads,2026-03-13,89.01,73.89,3017,101
CMP105,IG_Stories,Facebook Ads,2026-03-14,222.81,242.63,6152,256
CMP105,IG_Stories,Facebook Ads,2026-03-15,161.5,160.43,5065,162
CMP105,IG_Stories,Facebook Ads,2026-03-16,320.0,314.33,1439,63
CMP105,IG_Stories,Facebook Ads,2026-03-17,346.28,308.36,9482,325
CMP105,IG_Stories,Facebook Ads,2026-03-18,134.89,123.76,1894,78
CMP105,IG_Stories,Facebook Ads,2026-03-19,407.2,355.0,7322,106
CMP105,IG_Stories,Facebook Ads,2026-03-20,274.81,268.81,9655,439
CMP105,IG_Stories,Facebook Ads,2026-03-21,55.43,50.35,6185,94
CMP105,IG_Stories,Facebook Ads,2026-03-22,437.37,424.47,6986,222
CMP105,IG_Stories,Facebook Ads,2026-03-23,127.75,120.25,2195,23
CMP105,IG_Stories,Facebook Ads,2026-03-24,80.39,70.64,1652,77
CMP105,IG_Stories,Facebook Ads,2026-03-25,476.91,438.47,5693,200
CMP105,IG_Stories,Facebook Ads,2026-03-26,275.47,254.71,7590,100
CMP105,IG_Stories,Facebook Ads,2026-03-27,291.45,287.02,5546,74
CMP105,IG_Stories,Facebook Ads,2026-03-28,85.56,92.09,3545,111
CMP105,IG_Stories,Facebook Ads,2026-03-29,225.83,223.64,2083,46
CMP105,IG_Stories,Facebook Ads,2026-03-30,246.87,268.11,4909,60
CMP105,IG_Stories,Facebook Ads,2026-03-31,88.8,82.61,8428,290
CMP105,IG_Stories,Facebook Ads,2026-04-01,74.76,74.75,3877,57
CMP105,IG_Stories,Facebook Ads,2026-04-02,368.56,372.41,3684,109
CMP105,IG_Stories,Facebook Ads,2026-04-03,206.02,196.78,5247,87
CMP105,IG_Stories,Facebook Ads,2026-04-04,107.12,110.8,5403,212
CMP105,IG_Stories,Facebook Ads,2026-04-05,103.13,110.35,6488,274
CMP105,IG_Stories,Facebook Ads,2026-04-06,172.39,141.22,2262,67
CMP105,IG_Stories,Facebook Ads,2026-04-07,279.85,228.53,3734,92
CMP105,IG_Stories,Facebook Ads,2026-04-08,164.8,136.93,2889,55
CMP105,IG_Stories,Facebook Ads,2026-04-09,278.97,226.86,1201,23
CMP105,IG_Stories,Facebook Ads,2026-04-10,262.29,239.97,3458,59
CMP105,IG_Stories,Facebook Ads,2026-04-11,482.15,390.84,7870,149
CMP105,IG_Stories,Facebook Ads,2026-04-12,161.72,173.81,6241,130
CMP105,IG_Stories,Facebook Ads,2026-04-13,85.05,77.55,9225,340
CMP105,IG_Stories,Facebook Ads,2026-04-14,73.7,63.89,9450,465
CMP105,IG_Stories,Facebook Ads,2026-04-15,479.34,393.38,8620,384
CMP105,IG_Stories,Facebook Ads,2026-04-16,398.09,355.58,2415,77
CMP105,IG_Stories,Facebook Ads,2026-04-17,53.59,46.1,5979,236
CMP105,IG_Stories,Facebook Ads,2026-04-18,159.16,144.91,9083,453
CMP105,IG_Stories,Facebook Ads,2026-04-19,399.15,407.03,9954,402
CMP105,IG_Stories,Facebook Ads,2026-04-20,160.31,128.55,7718,84
CMP105,IG_Stories,Facebook Ads,2026-04-21,293.7,290.99,1157,55
CMP105,IG_Stories,Facebook Ads,2026-04-22,50.66,50.52,6038,85
CMP105,IG_Stories,Facebook Ads,2026-04-23,288.42,251.34,9061,438
CMP105,IG_Stories,Facebook Ads,2026-04-24,487.65,410.95,5584,76
CMP105,IG_Stories,Facebook Ads,2026-04-25,464.57,496.71,9515,252
CMP105,IG_Stories,Facebook Ads,2026-04-26,453.01,424.71,2391,79
CMP106,IG_Stories,Facebook Ads,2026-01-27,418.98,344.59,2020,55
CMP106,IG_Stories,Facebook Ads,2026-01-28,483.9,421.49,5276,232
CMP106,IG_Stories,Facebook Ads,2026-01-29,466.72,428.4,6345,144
CMP106,IG_Stories,Facebook Ads,2026-01-30,172.38,141.77,4321,66
CMP106,IG_Stories,Facebook Ads,2026-01-31,396.57,330.22,2731,45
CMP106,IG_Stories,Facebook Ads,2026-02-01,259.72,239.45,9780,237
CMP106,IG_Stories,Facebook Ads,2026-02-02,396.65,371.1,8591,176
CMP106,IG_Stories,Facebook Ads,2026-02-03,103.96,88.08,5984,257
CMP106,IG_Stories,Facebook Ads,2026-02-04,363.6,295.28,6370,101
CMP106,IG_Stories,Facebook Ads,2026-02-05,370.02,403.51,7492,228
CMP106,IG_Stories,Facebook Ads,2026-02-06,354.73,311.47,3848,43
CMP106,IG_Stories,Facebook Ads,2026-02-07,231.98,217.05,5093,70
CMP106,IG_Stories,Facebook Ads,2026-02-08,95.86,99.52,2989,31
CMP106,IG_Stories,Facebook Ads,2026-02-09,423.67,463.82,3141,56
CMP106,IG_Stories,Facebook Ads,2026-02-10,230.26,231.62,2376,79
CMP106,IG_Stories,Facebook Ads,2026-02-11,166.47,173.77,1357,67
CMP106,IG_Stories,Facebook Ads,2026-02-12,138.99,138.13,3110,42
CMP106,IG_Stories,Facebook Ads,2026-02-13,431.27,449.67,3007,35
CMP106,IG_Stories,Facebook Ads,2026-02-14,257.45,218.93,8096,347
CMP106,IG_Stories,Facebook Ads,2026-02-15,227.75,184.21,7990,135
CMP106,IG_Stories,Facebook Ads,2026-02-16,146.62,125.53,5585,155
CMP106,IG_Stories,Facebook Ads,2026-02-17,116.88,115.04,5026,180
CMP106,IG_Stories,Facebook Ads,2026-02-18,274.5,292.3,8848,110
CMP106,IG_Stories,Facebook Ads,2026-02-19,175.9,147.96,4267,152
CMP106,IG_Stories,Facebook Ads,2026-02-20,408.74,357.54,9907,414
CMP106,IG_Stories,Facebook Ads,2026-02-21,495.23,512.35,6883,200
CMP106,IG_Stories,Facebook Ads,2026-02-22,401.65,362.77,9231,211
CMP106,IG_Stories,Facebook Ads,2026-02-23,171.7,138.7,4588,51
CMP106,IG_Stories,Facebook Ads,2026-02-24,414.81,366.81,8728,272
CMP106,IG_Stories,Facebook Ads,2026-02-25,395.08,434.54,3615,50
CMP106,IG_Stories,Facebook Ads,2026-02-26,345.59,304.1,1916,77
CMP106,IG_Stories,Facebook Ads,2026-02-27,476.51,463.5,7363,178
CMP106,IG_Stories,Facebook Ads,2026-02-28,427.65,450.56,3885,75
CMP106,IG_Stories,Facebook Ads,2026-03-01,193.1,197.24,6878,320
CMP106,IG_Stories,Facebook Ads,2026-03-02,62.69,63.33,3328,108
CMP106,IG_Stories,Facebook Ads,2026-03-03,134.71,147.7,9064,287
CMP106,IG_Stories,Facebook Ads,2026-03-04,129.0,104.67,1920,37
CMP106,IG_Stories,Facebook Ads,2026-03-05,148.46,142.21,1011,23
CMP106,IG_Stories,Facebook Ads,2026-03-06,326.36,340.05,6582,254
CMP106,IG_Stories,Facebook Ads,2026-03-07,463.45,488.15,6301,78
CMP106,IG_Stories,Facebook Ads,2026-03-08,116.47,117.8,3320,136
CMP106,IG_Stories,Facebook Ads,2026-03-09,430.92,456.0,2188,54
CMP106,IG_Stories,Facebook Ads,2026-03-10,473.87,435.33,2655,62
CMP106,IG_Stories,Facebook Ads,2026-03-11,195.17,213.27,8157,339
CMP106,IG_Stories,Facebook Ads,2026-03-12,482.3,479.77,3854,147
CMP106,IG_Stories,Facebook Ads,2026-03-13,302.89,323.15,6846,129
CMP106,IG_Stories,Facebook Ads,2026-03-14,315.03,268.6,6026,237
CMP106,IG_Stories,Facebook Ads,2026-03-15,182.53,155.76,1029,49
CMP106,IG_Stories,Facebook Ads,2026-03-16,476.91,437.56,1530,26
CMP106,IG_Stories,Facebook Ads,2026-03-17,193.2,201.44,4619,164
CMP106,IG_Stories,Facebook Ads,2026-03-18,96.85,91.9,6425,255
CMP106,IG_Stories,Facebook Ads,2026-03-19,157.1,171.98,3750,132
CMP106,IG_Stories,Facebook Ads,2026-03-20,483.39,505.87,6500,181
CMP106,IG_Stories,Facebook Ads,2026-03-21,169.35,148.16,2110,50
CMP106,IG_Stories,Facebook Ads,2026-03-22,404.16,410.68,1788,45
CMP106,IG_Stories,Facebook Ads,2026-03-23,379.66,414.11,7783,231
CMP106,IG_Stories,Facebook Ads,2026-03-24,220.42,212.44,2661,114
CMP106,IG_Stories,Facebook Ads,2026-03-25,404.93,394.17,4695,77
CMP106,IG_Stories,Facebook Ads,2026-03-26,83.17,87.64,5831,62
CMP106,IG_Stories,Facebook Ads,2026-03-27,167.51,139.27,6600,110
CMP106,IG_Stories,Facebook Ads,2026-03-28,218.96,223.25,9962,474
CMP106,IG_Stories,Facebook Ads,2026-03-29,490.12,441.79,8909,340
CMP106,IG_Stories,Facebook Ads,2026-03-30,244.1,243.15,8113,132
CMP106,IG_Stories,Facebook Ads,2026-03-31,95.57,82.35,4112,108
CMP106,IG_Stories,Facebook Ads,2026-04-01,299.35,322.6,9849,202
CMP106,IG_Stories,Facebook Ads,2026-04-02,176.69,153.94,1813,46
CMP106,IG_Stories,Facebook Ads,2026-04-03,297.35,281.68,1893,46
CMP106,IG_Stories,Facebook Ads,2026-04-04,242.42,215.36,8869,159
CMP106,IG_Stories,Facebook Ads,2026-04-05,61.58,52.42,5781,283
CMP106,IG_Stories,Facebook Ads,2026-04-06,263.11,219.61,7512,216
CMP106,IG_Stories,Facebook Ads,2026-04-07,452.69,398.14,9914,252
CMP106,IG_Stories,Facebook Ads,2026-04-08,216.96,198.4,4056,112
CMP106,IG_Stories,Facebook Ads,2026-04-09,168.48,158.29,4706,204
CMP106,IG_Stories,Facebook Ads,2026-04-10,303.91,256.91,2584,34
CMP106,IG_Stories,Facebook Ads,2026-04-11,204.71,197.02,4727,151
CMP106,IG_Stories,Facebook Ads,2026-04-12,428.36,447.86,7858,382
CMP106,IG_Stories,Facebook Ads,2026-04-13,359.18,388.24,4860,141
CMP106,IG_Stories,Facebook Ads,2026-04-14,85.53,91.59,1568,47
CMP106,IG_Stories,Facebook Ads,2026-04-15,455.2,473.47,3415,50
CMP106,IG_Stories,Facebook Ads,2026-04-16,390.73,332.85,3738,182
CMP106,IG_Stories,Facebook Ads,2026-04-17,413.81,346.71,7936,104
CMP106,IG_Stories,Facebook Ads,2026-04-18,357.41,307.58,3422,148
CMP106,IG_Stories,Facebook Ads,2026-04-19,166.05,178.21,2097,28
CMP106,IG_Stories,Facebook Ads,2026-04-20,300.36,290.03,5525,170
CMP106,IG_Stories,Facebook Ads,2026-04-21,462.72,371.89,9561,394
CMP106,IG_Stories,Facebook Ads,2026-04-22,100.63,85.02,2641,124
CMP106,IG_Stories,Facebook Ads,2026-04-23,303.21,251.75,5687,254
CMP106,IG_Stories,Facebook Ads,2026-04-24,446.06,474.33,5327,134
CMP106,IG_Stories,Facebook Ads,2026-04-25,268.51,263.86,1613,27
CMP106,IG_Stories,Facebook Ads,2026-04-26,231.34,227.98,7581,87
CMP107,LI_DecisionMakers,LinkedIn Ads,2026-01-27,72.18,68.03,5400,247
CMP107,LI_DecisionMakers,LinkedIn Ads,2026-01-28,59.1,61.77,5965,133
CMP107,LI_DecisionMakers,LinkedIn Ads,2026-01-29,429.28,453.95,2609,127
CMP107,LI_DecisionMakers,LinkedIn Ads,2026-01-30,152.58,135.82,8259,338
CMP107,LI_DecisionMakers,LinkedIn Ads,2026-01-31,194.39,198.01,2462,43
CMP107,LI_DecisionMakers,LinkedIn Ads,2026-02-01,145.13,151.98,8937,360
CMP107,LI_DecisionMakers,LinkedIn Ads,2026-02-02,440.24,460.63,9442,393
CMP107,LI_DecisionMakers,LinkedIn Ads,2026-02-03,79.53,80.55,7609,117
CMP107,LI_DecisionMakers,LinkedIn Ads,2026-02-04,433.08,460.71,1474,24
CMP107,LI_DecisionMakers,LinkedIn Ads,2026-02-05,443.83,381.79,1944,38
CMP107,LI_DecisionMakers,LinkedIn Ads,2026-02-06,255.4,274.66,4262,89
CMP107,LI_DecisionMakers,LinkedIn Ads,2026-02-07,420.58,400.2,3029,112
CMP107,LI_DecisionMakers,LinkedIn Ads,2026-02-08,158.87,150.39,8308,142
CMP107,LI_DecisionMakers,LinkedIn Ads,2026-02-09,441.72,431.15,6730,159
CMP107,LI_DecisionMakers,LinkedIn Ads,2026-02-10,426.94,374.68,2480,53
CMP107,LI_DecisionMakers,LinkedIn Ads,2026-02-11,223.95,190.1,4511,199
CMP107,LI_DecisionMakers,LinkedIn Ads,2026-02-12,341.32,342.45,5408,195
CMP107,LI_DecisionMakers,LinkedIn Ads,2026-02-13,280.98,297.67,1145,33
CMP107,LI_DecisionMakers,LinkedIn Ads,2026-02-14,109.54,93.32,1138,21
CMP107,LI_DecisionMakers,LinkedIn Ads,2026-02-15,323.75,350.59,5511,148
CMP107,LI_DecisionMakers,LinkedIn Ads,2026-02-16,219.41,198.48,5128,96
CMP107,LI_DecisionMakers,LinkedIn Ads,2026-02-17,185.97,177.82,7506,250
CMP107,LI_DecisionMakers,LinkedIn Ads,2026-02-18,53.31,58.63,7131,231
CMP107,LI_DecisionMakers,LinkedIn Ads,2026-02-19,317.2,280.66,2771,81
CMP107,LI_DecisionMakers,LinkedIn Ads,2026-02-20,201.33,177.76,6327,281
CMP107,LI_DecisionMakers,LinkedIn Ads,2026-02-21,167.52,169.75,5895,103
CMP107,LI_DecisionMakers,LinkedIn Ads,2026-02-22,282.78,246.61,1930,81
CMP107,LI_DecisionMakers,LinkedIn Ads,2026-02-23,411.06,402.84,6236,232
CMP107,LI_DecisionMakers,LinkedIn Ads,2026-02-24,374.58,373.31,5843,119
CMP107,LI_DecisionMakers,LinkedIn Ads,2026-02-25,238.35,218.44,1578,52
CMP107,LI_DecisionMakers,LinkedIn Ads,2026-02-26,497.64,519.94,6622,258
CMP107,LI_DecisionMakers,LinkedIn Ads,2026-02-27,150.06,144.12,8794,406
CMP107,LI_DecisionMakers,LinkedIn Ads,2026-02-28,352.34,335.5,3785,165
CMP107,LI_DecisionMakers,LinkedIn Ads,2026-03-01,444.42,379.69,2599,74
CMP107,LI_DecisionMakers,LinkedIn Ads,2026-03-02,383.41,390.14,3999,191
CMP107,LI_DecisionMakers,LinkedIn Ads,2026-03-03,454.82,453.15,4641,112
CMP107,LI_DecisionMakers,LinkedIn Ads,2026-03-04,384.89,343.37,6428,159
CMP107,LI_DecisionMakers,LinkedIn Ads,2026-03-05,313.51,294.43,2929,84
CMP107,LI_DecisionMakers,LinkedIn Ads,2026-03-06,439.88,428.91,2166,62
CMP107,LI_DecisionMakers,LinkedIn Ads,2026-03-07,137.54,114.98,7253,226
CMP107,LI_DecisionMakers,LinkedIn Ads,2026-03-08,235.9,250.35,3470,53
CMP107,LI_DecisionMakers,LinkedIn Ads,2026-03-09,140.13,129.31,8496,133
CMP107,LI_DecisionMakers,LinkedIn Ads,2026-03-10,438.08,374.17,2324,68
CMP107,LI_DecisionMakers,LinkedIn Ads,2026-03-11,333.96,284.88,1950,19
CMP107,LI_DecisionMakers,LinkedIn Ads,2026-03-12,173.09,178.0,3762,124
CMP107,LI_DecisionMakers,LinkedIn Ads,2026-03-13,121.3,125.61,2442,37
CMP107,LI_DecisionMakers,LinkedIn Ads,2026-03-14,245.17,227.72,8029,390
CMP107,LI_DecisionMakers,LinkedIn Ads,2026-03-15,222.49,180.51,4267,167
CMP107,LI_DecisionMakers,LinkedIn Ads,2026-03-16,477.53,509.81,9700,170
CMP107,LI_DecisionMakers,LinkedIn Ads,2026-03-17,354.54,350.29,5076,96
CMP107,LI_DecisionMakers,LinkedIn Ads,2026-03-18,444.64,397.34,2682,67
CMP107,LI_DecisionMakers,LinkedIn Ads,2026-03-19,314.9,267.7,1749,38
CMP107,LI_DecisionMakers,LinkedIn Ads,2026-03-20,180.87,184.19,9587,225
CMP107,LI_DecisionMakers,LinkedIn Ads,2026-03-21,449.59,493.94,6615,329
CMP107,LI_DecisionMakers,LinkedIn Ads,2026-03-22,270.58,277.35,3701,177
CMP107,LI_DecisionMakers,LinkedIn Ads,2026-03-23,463.19,426.61,4742,89
CMP107,LI_DecisionMakers,LinkedIn Ads,2026-03-24,493.2,425.81,1359,45
CMP107,LI_DecisionMakers,LinkedIn Ads,2026-03-25,126.04,114.69,1612,40
CMP107,LI_DecisionMakers,LinkedIn Ads,2026-03-26,338.14,348.75,1796,60
CMP107,LI_DecisionMakers,LinkedIn Ads,2026-03-27,71.58,59.59,1323,15
CMP107,LI_DecisionMakers,LinkedIn Ads,2026-03-28,102.11,95.3,3024,96
CMP107,LI_DecisionMakers,LinkedIn Ads,2026-03-29,263.48,222.89,1152,25
CMP107,LI_DecisionMakers,LinkedIn Ads,2026-03-30,347.75,347.31,5423,189
CMP107,LI_DecisionMakers,LinkedIn Ads,2026-03-31,365.33,338.17,2718,82
CMP107,LI_DecisionMakers,LinkedIn Ads,2026-04-01,327.96,290.18,2741,81
CMP107,LI_DecisionMakers,LinkedIn Ads,2026-04-02,324.05,334.87,9571,468
CMP107,LI_DecisionMakers,LinkedIn Ads,2026-04-03,211.06,194.79,3627,41
CMP107,LI_DecisionMakers,LinkedIn Ads,2026-04-04,273.36,235.72,8875,206
CMP107,LI_DecisionMakers,LinkedIn Ads,2026-04-05,51.23,51.31,2809,121
CMP107,LI_DecisionMakers,LinkedIn Ads,2026-04-06,351.06,296.56,2475,101
CMP107,LI_DecisionMakers,LinkedIn Ads,2026-04-07,83.77,85.2,5192,185
CMP107,LI_DecisionMakers,LinkedIn Ads,2026-04-08,255.54,279.35,5327,152
CMP107,LI_DecisionMakers,LinkedIn Ads,2026-04-09,94.91,80.9,1646,72
CMP107,LI_DecisionMakers,LinkedIn Ads,2026-04-10,212.1,212.74,7979,315
CMP107,LI_DecisionMakers,LinkedIn Ads,2026-04-11,92.75,95.3,1751,18
CMP107,LI_DecisionMakers,LinkedIn Ads,2026-04-12,112.28,111.62,6384,155
CMP107,LI_DecisionMakers,LinkedIn Ads,2026-04-13,246.97,243.65,2522,62
CMP107,LI_DecisionMakers,LinkedIn Ads,2026-04-14,204.23,170.36,7557,366
CMP107,LI_DecisionMakers,LinkedIn Ads,2026-04-15,172.32,157.8,8835,371
CMP107,LI_DecisionMakers,LinkedIn Ads,2026-04-16,341.98,355.34,2852,43
CMP107,LI_DecisionMakers,LinkedIn Ads,2026-04-17,376.89,412.5,3611,51
CMP107,LI_DecisionMakers,LinkedIn Ads,2026-04-18,460.05,434.66,8178,141
CMP107,LI_DecisionMakers,LinkedIn Ads,2026-04-19,220.89,200.48,1472,65
CMP107,LI_DecisionMakers,LinkedIn Ads,2026-04-20,445.98,454.09,3140,92
CMP107,LI_DecisionMakers,LinkedIn Ads,2026-04-21,269.66,287.53,8220,97
CMP107,LI_DecisionMakers,LinkedIn Ads,2026-04-22,167.73,150.0,9598,390
CMP107,LI_DecisionMakers,LinkedIn Ads,2026-04-23,309.49,300.05,6542,201
CMP107,LI_DecisionMakers,LinkedIn Ads,2026-04-24,359.71,354.48,8091,295
CMP107,LI_DecisionMakers,LinkedIn Ads,2026-04-25,161.86,146.28,7305,116
CMP107,LI_DecisionMakers,LinkedIn Ads,2026-04-26,421.9,450.43,1894,19
CMP108,IG_Stories,Facebook Ads,2026-01-27,431.98,455.98,3709,48
CMP108,IG_Stories,Facebook Ads,2026-01-28,271.24,236.59,5557,66
CMP108,IG_Stories,Facebook Ads,2026-01-29,150.22,149.17,7607,324
CMP108,IG_Stories,Facebook Ads,2026-01-30,85.47,79.77,8341,112
CMP108,IG_Stories,Facebook Ads,2026-01-31,274.31,245.46,9148,364
CMP108,IG_Stories,Facebook Ads,2026-02-01,58.0,53.42,1587,51
CMP108,IG_Stories,Facebook Ads,2026-02-02,50.08,41.43,5990,273
CMP108,IG_Stories,Facebook Ads,2026-02-03,303.05,301.95,8474,406
CMP108,IG_Stories,Facebook Ads,2026-02-04,213.5,174.28,4652,203
CMP108,IG_Stories,Facebook Ads,2026-02-05,199.39,205.42,8751,338
CMP108,IG_Stories,Facebook Ads,2026-02-06,213.48,199.77,2596,104
CMP108,IG_Stories,Facebook Ads,2026-02-07,149.79,135.17,5783,184
CMP108,IG_Stories,Facebook Ads,2026-02-08,218.25,181.56,3689,109
CMP108,IG_Stories,Facebook Ads,2026-02-09,419.83,429.38,7704,110
CMP108,IG_Stories,Facebook Ads,2026-02-10,324.88,278.18,7437,138
CMP108,IG_Stories,Facebook Ads,2026-02-11,421.05,360.91,6536,93
CMP108,IG_Stories,Facebook Ads,2026-02-12,236.51,254.95,3018,123
CMP108,IG_Stories,Facebook Ads,2026-02-13,252.73,252.11,9260,142
CMP108,IG_Stories,Facebook Ads,2026-02-14,274.47,263.25,1795,57
CMP108,IG_Stories,Facebook Ads,2026-02-15,244.76,238.77,9328,384
CMP108,IG_Stories,Facebook Ads,2026-02-16,459.58,463.05,3845,150
CMP108,IG_Stories,Facebook Ads,2026-02-17,107.77,98.74,6273,189
CMP108,IG_Stories,Facebook Ads,2026-02-18,223.1,244.04,5067,106
CMP108,IG_Stories,Facebook Ads,2026-02-19,483.62,527.7,8419,355
CMP108,IG_Stories,Facebook Ads,2026-02-20,112.18,110.02,9393,206
CMP108,IG_Stories,Facebook Ads,2026-02-21,365.67,386.96,4560,82
CMP108,IG_Stories,Facebook Ads,2026-02-22,330.88,293.55,6657,311
CMP108,IG_Stories,Facebook Ads,2026-02-23,109.7,111.14,3913,117
CMP108,IG_Stories,Facebook Ads,2026-02-24,362.44,325.01,2890,116
CMP108,IG_Stories,Facebook Ads,2026-02-25,303.03,295.41,7839,289
CMP108,IG_Stories,Facebook Ads,2026-02-26,452.24,434.23,7920,335
CMP108,IG_Stories,Facebook Ads,2026-02-27,285.23,230.35,3381,40
CMP108,IG_Stories,Facebook Ads,2026-02-28,75.47,66.42,3636,179
CMP108,IG_Stories,Facebook Ads,2026-03-01,357.53,301.73,2016,75
CMP108,IG_Stories,Facebook Ads,2026-03-02,182.81,187.58,1529,37
CMP108,IG_Stories,Facebook Ads,2026-03-03,253.67,249.82,4675,185
CMP108,IG_Stories,Facebook Ads,2026-03-04,302.57,263.62,5712,215
CMP108,IG_Stories,Facebook Ads,2026-03-05,71.14,65.06,7825,377
CMP108,IG_Stories,Facebook Ads,2026-03-06,489.12,437.17,1881,19
CMP108,IG_Stories,Facebook Ads,2026-03-07,163.1,160.84,8259,356
CMP108,IG_Stories,Facebook Ads,2026-03-08,460.17,465.41,7025,282
CMP108,IG_Stories,Facebook Ads,2026-03-09,295.98,290.36,4170,90
CMP108,IG_Stories,Facebook Ads,2026-03-10,129.84,130.46,4063,197
CMP108,IG_Stories,Facebook Ads,2026-03-11,380.79,318.27,1665,45
CMP108,IG_Stories,Facebook Ads,2026-03-12,300.47,252.1,5178,52
CMP108,IG_Stories,Facebook Ads,2026-03-13,259.85,280.96,1654,26
CMP108,IG_Stories,Facebook Ads,2026-03-14,195.18,159.12,5934,175
CMP108,IG_Stories,Facebook Ads,2026-03-15,307.7,279.21,6207,192
CMP108,IG_Stories,Facebook Ads,2026-03-16,480.64,459.58,9276,151
CMP108,IG_Stories,Facebook Ads,2026-03-17,294.39,271.14,6724,126
CMP108,IG_Stories,Facebook Ads,2026-03-18,146.01,131.35,6911,150
CMP108,IG_Stories,Facebook Ads,2026-03-19,477.64,470.71,8780,437
CMP108,IG_Stories,Facebook Ads,2026-03-20,420.66,460.35,1144,16
CMP108,IG_Stories,Facebook Ads,2026-03-21,205.7,179.39,4994,241
CMP108,IG_Stories,Facebook Ads,2026-03-22,357.15,320.11,2857,72
CMP108,IG_Stories,Facebook Ads,2026-03-23,293.11,259.36,9468,406
CMP108,IG_Stories,Facebook Ads,2026-03-24,218.73,227.66,8300,244
CMP108,IG_Stories,Facebook Ads,2026-03-25,183.4,182.57,6248,190
CMP108,IG_Stories,Facebook Ads,2026-03-26,476.7,405.3,9814,307
CMP108,IG_Stories,Facebook Ads,2026-03-27,332.12,286.7,4492,200
CMP108,IG_Stories,Facebook Ads,2026-03-28,240.89,200.22,9810,423
CMP108,IG_Stories,Facebook Ads,2026-03-29,445.39,455.37,8130,291
CMP108,IG_Stories,Facebook Ads,2026-03-30,472.89,484.27,3519,38
CMP108,IG_Stories,Facebook Ads,2026-03-31,372.59,302.31,2200,26
CMP108,IG_Stories,Facebook Ads,2026-04-01,407.4,394.13,4729,219
CMP108,IG_Stories,Facebook Ads,2026-04-02,233.43,218.34,7626,208
CMP108,IG_Stories,Facebook Ads,2026-04-03,57.6,57.71,9762,99
CMP108,IG_Stories,Facebook Ads,2026-04-04,374.13,306.4,1745,66
CMP108,IG_Stories,Facebook Ads,2026-04-05,82.67,89.15,2738,59
CMP108,IG_Stories,Facebook Ads,2026-04-06,358.65,352.18,5612,227
CMP108,IG_Stories,Facebook Ads,2026-04-07,246.95,226.83,1504,43
CMP108,IG_Stories,Facebook Ads,2026-04-08,290.06,243.92,7406,310
CMP108,IG_Stories,Facebook Ads,2026-04-09,432.26,384.06,3360,73
CMP108,IG_Stories,Facebook Ads,2026-04-10,449.14,489.39,7113,343
CMP108,IG_Stories,Facebook Ads,2026-04-11,55.02,58.45,3316,49
CMP108,IG_Stories,Facebook Ads,2026-04-12,52.26,51.16,9800,312
CMP108,IG_Stories,Facebook Ads,2026-04-13,88.31,76.21,6633,122
CMP108,IG_Stories,Facebook Ads,2026-04-14,457.53,482.89,3333,54
CMP108,IG_Stories,Facebook Ads,2026-04-15,149.35,156.88,4183,61
CMP108,IG_Stories,Facebook Ads,2026-04-16,351.94,341.45,1891,83
CMP108,IG_Stories,Facebook Ads,2026-04-17,469.57,515.73,8557,306
CMP108,IG_Stories,Facebook Ads,2026-04-18,82.92,83.04,5107,71
CMP108,IG_Stories,Facebook Ads,2026-04-19,376.52,356.25,6420,155
CMP108,IG_Stories,Facebook Ads,2026-04-20,352.08,306.44,5671,197
CMP108,IG_Stories,Facebook Ads,2026-04-21,455.05,407.42,8383,193
CMP108,IG_Stories,Facebook Ads,2026-04-22,346.74,349.53,3496,114
CMP108,IG_Stories,Facebook Ads,2026-04-23,214.02,191.53,8017,134
CMP108,IG_Stories,Facebook Ads,2026-04-24,190.95,197.77,8145,171
CMP108,IG_Stories,Facebook Ads,2026-04-25,211.77,212.59,6432,290
CMP108,IG_Stories,Facebook Ads,2026-04-26,258.28,234.42,6004,176
CMP109,Search_Brand,Google Ads,2026-01-27,340.5,280.77,5597,248
CMP109,Search_Brand,Google Ads,2026-01-28,113.0,108.66,5312,208
CMP109,Search_Brand,Google Ads,2026-01-29,331.98,338.03,1305,57
CMP109,Search_Brand,Google Ads,2026-01-30,334.23,348.87,7637,311
CMP109,Search_Brand,Google Ads,2026-01-31,145.74,118.19,5269,167
CMP109,Search_Brand,Google Ads,2026-02-01,499.43,470.28,3435,84
CMP109,Search_Brand,Google Ads,2026-02-02,150.49,155.25,5767,88
CMP109,Search_Brand,Google Ads,2026-02-03,275.51,227.89,6961,209
CMP109,Search_Brand,Google Ads,2026-02-04,348.21,367.15,3717,149
CMP109,Search_Brand,Google Ads,2026-02-05,113.17,95.94,3395,133
CMP109,Search_Brand,Google Ads,2026-02-06,267.58,242.87,4585,185
CMP109,Search_Brand,Google Ads,2026-02-07,154.29,135.67,4834,56
CMP109,Search_Brand,Google Ads,2026-02-08,143.05,153.4,6918,176
CMP109,Search_Brand,Google Ads,2026-02-09,463.06,492.91,1653,81
CMP109,Search_Brand,Google Ads,2026-02-10,195.83,198.01,9542,337
CMP109,Search_Brand,Google Ads,2026-02-11,173.07,176.98,9918,325
CMP109,Search_Brand,Google Ads,2026-02-12,219.5,200.53,2275,69
CMP109,Search_Brand,Google Ads,2026-02-13,219.35,235.18,9460,248
CMP109,Search_Brand,Google Ads,2026-02-14,417.76,377.45,8898,404
CMP109,Search_Brand,Google Ads,2026-02-15,52.97,56.39,8207,136
CMP109,Search_Brand,Google Ads,2026-02-16,84.69,84.1,4465,71
CMP109,Search_Brand,Google Ads,2026-02-17,120.81,118.47,2938,107
CMP109,Search_Brand,Google Ads,2026-02-18,236.58,212.7,2856,83
CMP109,Search_Brand,Google Ads,2026-02-19,265.47,229.16,3641,130
CMP109,Search_Brand,Google Ads,2026-02-20,234.9,205.09,3095,101
CMP109,Search_Brand,Google Ads,2026-02-21,122.51,121.15,1642,74
CMP109,Search_Brand,Google Ads,2026-02-22,116.09,98.67,3949,121
CMP109,Search_Brand,Google Ads,2026-02-23,232.46,253.56,1305,58
CMP109,Search_Brand,Google Ads,2026-02-24,377.59,395.11,2404,44
CMP109,Search_Brand,Google Ads,2026-02-25,322.94,304.02,8891,149
CMP109,Search_Brand,Google Ads,2026-02-26,423.66,415.29,3979,138
CMP109,Search_Brand,Google Ads,2026-02-27,279.86,237.97,6614,310
CMP109,Search_Brand,Google Ads,2026-02-28,318.44,261.33,7196,182
CMP109,Search_Brand,Google Ads,2026-03-01,98.86,85.09,9263,346
CMP109,Search_Brand,Google Ads,2026-03-02,421.93,414.19,3906,113
CMP109,Search_Brand,Google Ads,2026-03-03,326.64,265.14,9706,292
CMP109,Search_Brand,Google Ads,2026-03-04,102.88,97.19,3135,144
CMP109,Search_Brand,Google Ads,2026-03-05,292.68,234.25,8069,249
CMP109,Search_Brand,Google Ads,2026-03-06,216.67,176.16,9680,262
CMP109,Search_Brand,Google Ads,2026-03-07,472.29,446.14,7246,174
CMP109,Search_Brand,Google Ads,2026-03-08,412.08,441.9,2600,70
CMP109,Search_Brand,Google Ads,2026-03-09,164.53,169.43,2373,50
CMP109,Search_Brand,Google Ads,2026-03-10,444.54,410.13,4096,41
CMP109,Search_Brand,Google Ads,2026-03-11,384.64,308.53,9561,140
CMP109,Search_Brand,Google Ads,2026-03-12,53.24,53.05,6175,162
CMP109,Search_Brand,Google Ads,2026-03-13,97.96,90.89,5155,105
CMP109,Search_Brand,Google Ads,2026-03-14,291.25,282.34,5514,273
CMP109,Search_Brand,Google Ads,2026-03-15,228.85,197.06,8904,152
CMP109,Search_Brand,Google Ads,2026-03-16,301.59,285.04,6024,199
CMP109,Search_Brand,Google Ads,2026-03-17,398.39,366.3,3262,144
CMP109,Search_Brand,Google Ads,2026-03-18,346.68,355.12,8317,343
CMP109,Search_Brand,Google Ads,2026-03-19,477.16,396.08,9328,242
CMP109,Search_Brand,Google Ads,2026-03-20,202.3,195.25,1852,30
CMP109,Search_Brand,Google Ads,2026-03-21,484.06,388.02,2492,106
CMP109,Search_Brand,Google Ads,2026-03-22,262.25,257.02,2444,30
CMP109,Search_Brand,Google Ads,2026-03-23,149.8,123.44,1618,63
CMP109,Search_Brand,Google Ads,2026-03-24,468.81,431.4,9536,204
CMP109,Search_Brand,Google Ads,2026-03-25,483.59,395.21,3871,137
CMP109,Search_Brand,Google Ads,2026-03-26,247.54,213.01,9489,203
CMP109,Search_Brand,Google Ads,2026-03-27,65.12,63.81,9451,358
CMP109,Search_Brand,Google Ads,2026-03-28,326.84,327.56,6893,134
CMP109,Search_Brand,Google Ads,2026-03-29,50.13,42.47,5520,227
CMP109,Search_Brand,Google Ads,2026-03-30,208.91,191.89,4281,131
CMP109,Search_Brand,Google Ads,2026-03-31,381.62,313.15,2477,79
CMP109,Search_Brand,Google Ads,2026-04-01,376.76,364.6,6703,160
CMP109,Search_Brand,Google Ads,2026-04-02,416.98,361.89,4187,118
CMP109,Search_Brand,Google Ads,2026-04-03,231.78,185.75,3867,101
CMP109,Search_Brand,Google Ads,2026-04-04,97.91,80.45,5821,137
CMP109,Search_Brand,Google Ads,2026-04-05,102.65,97.93,5222,235
CMP109,Search_Brand,Google Ads,2026-04-06,415.92,404.47,8254,401
CMP109,Search_Brand,Google Ads,2026-04-07,303.43,312.83,6565,318
CMP109,Search_Brand,Google Ads,2026-04-08,256.48,240.63,1448,42
CMP109,Search_Brand,Google Ads,2026-04-09,166.02,151.88,4610,170
CMP109,Search_Brand,Google Ads,2026-04-10,153.47,137.31,6785,208
CMP109,Search_Brand,Google Ads,2026-04-11,54.38,57.08,5067,108
CMP109,Search_Brand,Google Ads,2026-04-12,229.52,235.17,6603,86
CMP109,Search_Brand,Google Ads,2026-04-13,469.13,442.37,6792,127
CMP109,Search_Brand,Google Ads,2026-04-14,308.17,263.43,4115,123
CMP109,Search_Brand,Google Ads,2026-04-15,139.85,142.73,5348,97
CMP109,Search_Brand,Google Ads,2026-04-16,141.24,123.57,6833,110
CMP109,Search_Brand,Google Ads,2026-04-17,98.01,105.46,9071,313
CMP109,Search_Brand,Google Ads,2026-04-18,393.91,379.12,1692,74
CMP109,Search_Brand,Google Ads,2026-04-19,217.04,194.17,5501,163
CMP109,Search_Brand,Google Ads,2026-04-20,492.98,529.86,5591,144
CMP109,Search_Brand,Google Ads,2026-04-21,387.58,324.98,9613,403
CMP109,Search_Brand,Google Ads,2026-04-22,265.24,255.22,9232,220
CMP109,Search_Brand,Google Ads,2026-04-23,437.18,451.51,8490,416
CMP109,Search_Brand,Google Ads,2026-04-24,364.21,341.64,1137,11
CMP109,Search_Brand,Google Ads,2026-04-25,144.84,141.12,6331,154
CMP109,Search_Brand,Google Ads,2026-04-26,437.83,374.85,5306,103
